-- phpMyAdmin SQL Dump
-- version 4.2.6deb1
-- http://www.phpmyadmin.net
--
-- Host: localhost
-- Generation Time: Feb 07, 2015 at 03:46 PM
-- Server version: 5.5.41-0ubuntu0.14.10.1
-- PHP Version: 5.5.12-2ubuntu4.1

SET SQL_MODE = "NO_AUTO_VALUE_ON_ZERO";
SET time_zone = "+00:00";

--
-- Database: `eplweb`
--

-- --------------------------------------------------------

--
-- Table structure for table `matchday`
--

CREATE TABLE IF NOT EXISTS `matchday` (
`id` int(3) NOT NULL,
  `week_id` int(3) NOT NULL,
  `date` date NOT NULL,
  `time` time NOT NULL,
  `home_team_id` int(2) NOT NULL,
  `away_team_id` int(2) NOT NULL,
  `home_goal` int(2) DEFAULT NULL,
  `away_goal` int(2) DEFAULT NULL,
  `home_point` int(1) NOT NULL DEFAULT '0',
  `away_point` int(1) NOT NULL DEFAULT '0'
) ENGINE=InnoDB  DEFAULT CHARSET=latin1 AUTO_INCREMENT=264 ;

--
-- Dumping data for table `matchday`
--

INSERT INTO `matchday` (`id`, `week_id`, `date`, `time`, `home_team_id`, `away_team_id`, `home_goal`, `away_goal`, `home_point`, `away_point`) VALUES
(24, 1, '2014-07-19', '02:00:00', 4, 20, 1, 3, 0, 3),
(25, 1, '2014-07-17', '22:00:00', 10, 19, 0, 2, 0, 3),
(26, 1, '2014-07-17', '19:30:00', 14, 18, 2, 1, 3, 0),
(27, 1, '2014-07-16', '23:30:00', 15, 9, 2, 1, 3, 0),
(28, 1, '2014-07-16', '21:00:00', 11, 7, 0, 1, 0, 3),
(29, 1, '2014-07-16', '21:00:00', 1, 8, 2, 2, 1, 1),
(30, 1, '2014-07-16', '21:00:00', 2, 3, 0, 1, 0, 3),
(31, 1, '2014-07-16', '21:00:00', 6, 5, 2, 2, 1, 1),
(32, 1, '2014-07-16', '21:00:00', 13, 16, 0, 1, 0, 3),
(33, 1, '2014-07-16', '18:45:00', 17, 12, 1, 2, 0, 3),
(34, 2, '2014-07-26', '02:00:00', 19, 14, 3, 1, 3, 0),
(35, 2, '2014-07-24', '22:00:00', 5, 17, 1, 1, 1, 1),
(36, 2, '2014-07-24', '19:30:00', 3, 11, 1, 1, 1, 1),
(37, 2, '2014-07-24', '19:30:00', 16, 2, 4, 0, 3, 0),
(38, 2, '2014-07-23', '23:00:00', 8, 15, 2, 2, 1, 1),
(39, 2, '2014-07-23', '21:00:00', 9, 13, 1, 3, 0, 3),
(40, 2, '2014-07-23', '21:00:00', 20, 1, 2, 0, 3, 0),
(41, 2, '2014-07-23', '21:00:00', 18, 6, 0, 0, 1, 1),
(42, 2, '2014-07-23', '21:00:00', 12, 4, 1, 0, 3, 0),
(43, 2, '2014-07-23', '18:45:00', 7, 10, 0, 0, 1, 1),
(44, 3, '2014-07-31', '22:00:00', 1, 15, 1, 1, 1, 1),
(45, 3, '2014-07-31', '19:30:00', 7, 3, 2, 1, 3, 0),
(46, 3, '2014-07-31', '19:30:00', 16, 14, 0, 3, 0, 3),
(47, 3, '2014-07-30', '23:30:00', 8, 20, 3, 6, 0, 3),
(48, 3, '2014-07-30', '21:00:00', 10, 9, 3, 3, 1, 1),
(49, 3, '2014-07-30', '21:00:00', 19, 11, 0, 1, 0, 3),
(50, 3, '2014-07-30', '21:00:00', 2, 5, 1, 0, 3, 0),
(51, 3, '2014-07-30', '21:00:00', 12, 6, 3, 0, 3, 0),
(52, 3, '2014-07-30', '21:00:00', 13, 18, 1, 3, 0, 3),
(53, 3, '2014-07-30', '18:45:00', 4, 17, 0, 0, 1, 1),
(54, 4, '2014-08-16', '02:00:00', 3, 13, 2, 2, 1, 1),
(55, 4, '2014-08-14', '22:00:00', 17, 2, 4, 0, 3, 0),
(56, 4, '2014-08-13', '23:30:00', 14, 7, 0, 1, 0, 3),
(57, 4, '2014-08-13', '21:00:00', 20, 12, 4, 2, 3, 0),
(58, 4, '2014-08-13', '21:00:00', 9, 4, 0, 0, 1, 1),
(59, 4, '2014-08-13', '21:00:00', 18, 10, 4, 0, 3, 0),
(60, 4, '2014-08-13', '21:00:00', 5, 16, 2, 2, 1, 1),
(61, 4, '2014-08-13', '21:00:00', 11, 1, 0, 1, 0, 3),
(62, 4, '2014-08-13', '21:00:00', 6, 8, 0, 2, 0, 3),
(63, 4, '2014-08-13', '18:45:00', 15, 19, 2, 2, 1, 1),
(64, 5, '2014-08-21', '22:00:00', 8, 9, 2, 3, 0, 3),
(65, 5, '2014-08-21', '22:00:00', 19, 20, 1, 1, 1, 1),
(66, 5, '2014-08-21', '19:30:00', 1, 17, 5, 3, 3, 0),
(67, 5, '2014-08-21', '19:30:00', 16, 6, 0, 1, 0, 3),
(68, 5, '2014-08-20', '23:30:00', 13, 14, 3, 1, 3, 0),
(69, 5, '2014-08-20', '21:00:00', 4, 5, 0, 0, 1, 1),
(70, 5, '2014-08-20', '21:00:00', 10, 3, 2, 2, 1, 1),
(71, 5, '2014-08-20', '21:00:00', 7, 15, 0, 3, 0, 3),
(72, 5, '2014-08-20', '21:00:00', 12, 18, 0, 1, 0, 3),
(73, 5, '2014-08-20', '18:45:00', 2, 11, 2, 2, 1, 1),
(74, 6, '2014-08-30', '02:00:00', 11, 10, 1, 0, 3, 0),
(75, 6, '2014-08-28', '22:00:00', 6, 4, 4, 0, 3, 0),
(76, 6, '2014-08-27', '23:30:00', 15, 16, 1, 1, 1, 1),
(77, 6, '2014-08-27', '21:00:00', 20, 7, 3, 0, 3, 0),
(78, 6, '2014-08-27', '21:00:00', 3, 19, 2, 4, 0, 3),
(79, 6, '2014-08-27', '21:00:00', 9, 1, 2, 0, 3, 0),
(80, 6, '2014-08-27', '21:00:00', 5, 12, 0, 0, 1, 1),
(81, 6, '2014-08-27', '21:00:00', 17, 13, 2, 1, 3, 0),
(82, 6, '2014-08-27', '21:00:00', 18, 2, 2, 1, 3, 0),
(83, 6, '2014-08-27', '18:45:00', 14, 8, 1, 1, 1, 1),
(84, 7, '2014-09-05', '22:15:00', 13, 2, 2, 0, 3, 0),
(85, 7, '2014-09-05', '20:05:00', 20, 15, 2, 0, 3, 0),
(86, 7, '2014-09-05', '20:05:00', 16, 18, 1, 0, 3, 0),
(87, 7, '2014-09-05', '18:00:00', 17, 8, 2, 1, 3, 0),
(88, 7, '2014-09-04', '23:30:00', 7, 19, 0, 2, 0, 3),
(89, 7, '2014-09-04', '21:00:00', 3, 9, 2, 0, 3, 0),
(90, 7, '2014-09-04', '21:00:00', 1, 4, 2, 2, 1, 1),
(91, 7, '2014-09-04', '21:00:00', 12, 10, 2, 2, 1, 1),
(92, 7, '2014-09-04', '21:00:00', 14, 6, 2, 1, 3, 0),
(93, 7, '2014-09-04', '21:00:00', 5, 11, 3, 1, 3, 0),
(94, 8, '2014-09-21', '02:00:00', 6, 17, 2, 2, 1, 1),
(95, 8, '2014-09-19', '22:00:00', 11, 12, 2, 1, 3, 0),
(96, 8, '2014-09-19', '19:30:00', 2, 14, 2, 3, 0, 3),
(97, 8, '2014-09-18', '22:00:00', 10, 1, 1, 0, 3, 0),
(98, 8, '2014-09-18', '21:00:00', 15, 3, 2, 2, 1, 1),
(99, 8, '2014-09-18', '21:00:00', 4, 13, 1, 3, 0, 3),
(100, 8, '2014-09-18', '21:00:00', 9, 20, 1, 2, 0, 3),
(101, 8, '2014-09-18', '21:00:00', 8, 7, 3, 0, 3, 0),
(102, 8, '2014-09-18', '21:00:00', 18, 5, 8, 0, 3, 0),
(103, 8, '2014-09-18', '18:45:00', 19, 16, 4, 1, 3, 0),
(104, 9, '2014-09-28', '03:00:00', 2, 7, 2, 0, 3, 0),
(105, 9, '2014-09-26', '23:00:00', 17, 20, 1, 1, 1, 1),
(106, 9, '2014-09-26', '20:30:00', 4, 8, 1, 3, 0, 3),
(107, 9, '2014-09-26', '20:30:00', 16, 10, 1, 2, 0, 3),
(108, 9, '2014-09-25', '23:30:00', 12, 1, 2, 0, 3, 0),
(109, 9, '2014-09-25', '21:00:00', 18, 11, 1, 0, 3, 0),
(110, 9, '2014-09-25', '21:00:00', 14, 3, 0, 0, 1, 1),
(111, 9, '2014-09-25', '21:00:00', 5, 15, 0, 2, 0, 3),
(112, 9, '2014-09-25', '21:00:00', 6, 9, 2, 2, 1, 1),
(113, 9, '2014-09-25', '18:45:00', 13, 19, 2, 1, 3, 0),
(114, 10, '2014-10-04', '03:00:00', 9, 5, 1, 3, 0, 3),
(115, 10, '2014-10-02', '23:00:00', 7, 16, 1, 2, 0, 3),
(116, 10, '2014-10-02', '20:30:00', 19, 17, 1, 0, 3, 0),
(117, 10, '2014-10-01', '22:00:00', 20, 2, 2, 1, 3, 0),
(118, 10, '2014-10-01', '22:00:00', 15, 4, 3, 0, 3, 0),
(119, 10, '2014-10-01', '22:00:00', 8, 12, 0, 0, 1, 1),
(120, 10, '2014-10-01', '22:00:00', 3, 18, 0, 1, 0, 3),
(121, 10, '2014-10-01', '22:00:00', 11, 13, 2, 2, 1, 1),
(122, 10, '2014-10-01', '22:00:00', 1, 6, 0, 1, 0, 3),
(123, 10, '2014-10-01', '19:45:00', 10, 14, 1, 0, 3, 0),
(124, 11, '2014-10-09', '23:00:00', 12, 15, 2, 1, 3, 0),
(125, 11, '2014-10-09', '20:30:00', 5, 8, 1, 1, 1, 1),
(126, 11, '2014-10-09', '20:30:00', 16, 11, 1, 2, 0, 3),
(127, 11, '2014-10-09', '20:30:00', 6, 10, 0, 2, 0, 3),
(128, 11, '2014-10-09', '00:30:00', 2, 19, 2, 2, 1, 1),
(129, 11, '2014-10-08', '22:00:00', 4, 3, 1, 0, 3, 0),
(130, 11, '2014-10-08', '22:00:00', 17, 9, 1, 0, 3, 0),
(131, 11, '2014-10-08', '22:00:00', 18, 1, 2, 0, 3, 0),
(132, 11, '2014-10-08', '22:00:00', 13, 7, 0, 0, 1, 1),
(133, 11, '2014-10-08', '19:45:00', 14, 20, 1, 2, 0, 3),
(134, 12, '2014-10-25', '03:00:00', 7, 18, 1, 1, 1, 1),
(135, 12, '2014-10-23', '23:00:00', 3, 16, 1, 2, 0, 3),
(136, 12, '2014-10-23', '20:30:00', 9, 14, 3, 1, 3, 0),
(137, 12, '2014-10-23', '00:30:00', 15, 17, 1, 2, 0, 3),
(138, 12, '2014-10-22', '22:00:00', 20, 6, 2, 0, 3, 0),
(139, 12, '2014-10-22', '22:00:00', 1, 5, 0, 0, 1, 1),
(140, 12, '2014-10-22', '22:00:00', 8, 13, 2, 1, 3, 0),
(141, 12, '2014-10-22', '22:00:00', 11, 4, 1, 2, 0, 3),
(142, 12, '2014-10-22', '22:00:00', 19, 12, 2, 1, 3, 0),
(143, 12, '2014-10-22', '22:00:00', 10, 2, 1, 0, 3, 0),
(144, 13, '2014-10-30', '23:00:00', 16, 8, 2, 1, 3, 0),
(145, 13, '2014-10-30', '20:30:00', 18, 19, 0, 3, 0, 3),
(146, 13, '2014-10-30', '00:30:00', 5, 20, 0, 0, 1, 1),
(147, 13, '2014-10-29', '22:00:00', 17, 3, 3, 0, 3, 0),
(148, 13, '2014-10-29', '22:00:00', 4, 7, 1, 1, 1, 1),
(149, 13, '2014-10-29', '22:00:00', 14, 11, 1, 0, 3, 0),
(150, 13, '2014-10-29', '22:00:00', 12, 9, 1, 1, 1, 1),
(151, 13, '2014-10-29', '22:00:00', 2, 1, 3, 2, 3, 0),
(152, 13, '2014-10-29', '22:00:00', 13, 10, 1, 0, 3, 0),
(153, 13, '2014-10-29', '19:45:00', 6, 15, 0, 1, 0, 3),
(154, 14, '2014-11-04', '02:45:00', 15, 18, 1, 0, 3, 0),
(155, 14, '2014-11-04', '02:45:00', 20, 16, 3, 0, 3, 0),
(156, 14, '2014-11-04', '02:45:00', 8, 3, 1, 1, 1, 1),
(157, 14, '2014-11-04', '02:45:00', 5, 19, 1, 4, 0, 3),
(158, 14, '2014-11-03', '03:00:00', 9, 7, 0, 1, 0, 3),
(159, 14, '2014-11-03', '03:00:00', 6, 13, 1, 2, 0, 3),
(160, 14, '2014-11-03', '02:45:00', 1, 14, 1, 3, 0, 3),
(161, 14, '2014-11-03', '02:45:00', 4, 10, 1, 1, 1, 1),
(162, 14, '2014-11-03', '02:45:00', 17, 11, 2, 1, 3, 0),
(163, 14, '2014-11-03', '02:45:00', 12, 2, 2, 0, 3, 0),
(164, 15, '2014-11-09', '03:00:00', 18, 17, 1, 2, 0, 3),
(165, 15, '2014-11-07', '23:00:00', 7, 1, 2, 1, 3, 0),
(166, 15, '2014-11-07', '20:30:00', 13, 12, 3, 1, 3, 0),
(167, 15, '2014-11-07', '00:30:00', 19, 8, 1, 0, 3, 0),
(168, 15, '2014-11-06', '22:00:00', 14, 5, 0, 0, 1, 1),
(169, 15, '2014-11-06', '22:00:00', 2, 4, 2, 0, 3, 0),
(170, 15, '2014-11-06', '22:00:00', 3, 6, 0, 0, 1, 1),
(171, 15, '2014-11-06', '22:00:00', 11, 15, 3, 2, 3, 0),
(172, 15, '2014-11-06', '22:00:00', 16, 9, 0, 0, 1, 1),
(173, 15, '2014-11-06', '19:45:00', 10, 20, 2, 1, 3, 0),
(174, 16, '2014-11-16', '03:00:00', 8, 2, 3, 1, 3, 0),
(175, 16, '2014-11-14', '23:00:00', 12, 16, 1, 2, 0, 3),
(176, 16, '2014-11-14', '20:30:00', 17, 14, 3, 0, 3, 0),
(177, 16, '2014-11-14', '00:30:00', 15, 10, 4, 1, 3, 0),
(178, 16, '2014-11-13', '22:00:00', 4, 18, 1, 0, 3, 0),
(179, 16, '2014-11-13', '22:00:00', 9, 11, 1, 1, 1, 1),
(180, 16, '2014-11-13', '22:00:00', 20, 3, 2, 0, 3, 0),
(181, 16, '2014-11-13', '22:00:00', 1, 19, 0, 1, 0, 3),
(182, 16, '2014-11-13', '22:00:00', 5, 13, 1, 1, 1, 1),
(183, 16, '2014-11-13', '22:00:00', 6, 7, 1, 0, 3, 0),
(184, 17, '2014-11-23', '03:00:00', 11, 20, 0, 2, 0, 3),
(185, 17, '2014-11-21', '23:00:00', 14, 15, 2, 2, 1, 1),
(186, 17, '2014-11-21', '20:30:00', 10, 5, 0, 1, 0, 3),
(187, 17, '2014-11-20', '22:00:00', 2, 6, 3, 2, 3, 0),
(188, 17, '2014-11-20', '22:00:00', 3, 12, 0, 1, 0, 3),
(189, 17, '2014-11-20', '22:00:00', 7, 17, 1, 1, 1, 1),
(190, 17, '2014-11-20', '22:00:00', 13, 1, 2, 0, 3, 0),
(191, 17, '2014-11-20', '22:00:00', 18, 8, 3, 0, 3, 0),
(192, 17, '2014-11-20', '22:00:00', 16, 4, 2, 1, 3, 0),
(193, 17, '2014-11-20', '19:45:00', 19, 9, 3, 0, 3, 0),
(194, 18, '2014-11-27', '00:30:00', 15, 2, 2, 1, 3, 0),
(195, 18, '2014-11-26', '22:00:00', 8, 11, 0, 1, 0, 3),
(196, 18, '2014-11-26', '22:00:00', 9, 18, 1, 3, 0, 3),
(197, 18, '2014-11-26', '22:00:00', 1, 16, 1, 2, 0, 3),
(198, 18, '2014-11-26', '22:00:00', 4, 14, 0, 1, 0, 3),
(199, 18, '2014-11-26', '22:00:00', 5, 3, 1, 3, 0, 3),
(200, 18, '2014-11-26', '22:00:00', 12, 7, 1, 0, 3, 0),
(201, 18, '2014-11-26', '22:00:00', 6, 19, 1, 3, 0, 3),
(202, 18, '2014-11-26', '22:00:00', 17, 10, 3, 1, 3, 0),
(203, 18, '2014-11-26', '19:45:00', 20, 13, 2, 0, 3, 0),
(204, 19, '2014-11-30', '03:00:00', 14, 12, 4, 1, 3, 0),
(205, 19, '2014-11-28', '23:15:00', 10, 8, 3, 2, 3, 0),
(206, 19, '2014-11-28', '22:00:00', 3, 1, 0, 1, 0, 3),
(207, 19, '2014-11-28', '22:00:00', 19, 4, 2, 2, 1, 1),
(208, 19, '2014-11-28', '22:00:00', 2, 9, 0, 0, 1, 1),
(209, 19, '2014-11-28', '22:00:00', 7, 5, 0, 0, 1, 1),
(210, 19, '2014-11-28', '22:00:00', 13, 15, 1, 2, 0, 3),
(211, 19, '2014-11-28', '22:00:00', 11, 6, 2, 0, 3, 0),
(212, 19, '2014-11-28', '21:05:00', 18, 20, 1, 1, 1, 1),
(213, 19, '2014-11-28', '19:00:00', 16, 17, 0, 0, 1, 1),
(214, 20, '2015-00-02', '00:30:00', 16, 20, 5, 3, 3, 0),
(215, 20, '2015-00-01', '22:00:00', 19, 5, 3, 2, 3, 0),
(216, 20, '2015-00-01', '22:00:00', 7, 9, 0, 0, 1, 1),
(217, 20, '2015-00-01', '22:00:00', 14, 1, 2, 2, 1, 1),
(218, 20, '2015-00-01', '22:00:00', 3, 8, 2, 0, 3, 0),
(219, 20, '2015-00-01', '22:00:00', 2, 12, 1, 1, 1, 1),
(220, 20, '2015-00-01', '22:00:00', 10, 4, 3, 3, 1, 1),
(221, 20, '2015-00-01', '22:00:00', 13, 6, 1, 1, 1, 1),
(222, 20, '2015-00-01', '22:00:00', 18, 15, 2, 0, 3, 0),
(223, 20, '2015-00-01', '19:45:00', 11, 17, 1, 1, 1, 1),
(224, 21, '2015-00-11', '23:00:00', 17, 18, 0, 1, 0, 3),
(225, 21, '2015-00-11', '20:30:00', 15, 11, 3, 0, 3, 0),
(226, 21, '2015-00-11', '00:30:00', 9, 16, 2, 1, 3, 0),
(227, 21, '2015-00-10', '22:00:00', 20, 10, 2, 0, 3, 0),
(228, 21, '2015-00-10', '22:00:00', 8, 19, 1, 1, 1, 1),
(229, 21, '2015-00-10', '22:00:00', 4, 2, 2, 1, 3, 0),
(230, 21, '2015-00-10', '22:00:00', 6, 3, 1, 0, 3, 0),
(231, 21, '2015-00-10', '22:00:00', 1, 7, 1, 0, 3, 0),
(232, 21, '2015-00-10', '22:00:00', 12, 13, 1, 1, 1, 1),
(233, 21, '2015-00-10', '19:45:00', 5, 14, 0, 1, 0, 3),
(234, 22, '2015-00-20', '03:00:00', 8, 6, 0, 0, 1, 1),
(235, 22, '2015-00-18', '23:00:00', 19, 15, 0, 2, 0, 3),
(236, 22, '2015-00-18', '20:30:00', 13, 3, 3, 0, 3, 0),
(237, 22, '2015-00-18', '00:30:00', 10, 18, 1, 2, 0, 3),
(238, 22, '2015-00-17', '22:00:00', 7, 14, 0, 2, 0, 3),
(239, 22, '2015-00-17', '22:00:00', 1, 11, 0, 1, 0, 3),
(240, 22, '2015-00-17', '22:00:00', 4, 9, 2, 3, 0, 3),
(241, 22, '2015-00-17', '22:00:00', 16, 5, 2, 1, 3, 0),
(242, 22, '2015-00-17', '22:00:00', 2, 17, 0, 2, 0, 3),
(243, 22, '2015-00-17', '22:00:00', 12, 20, 0, 5, 0, 3),
(244, 23, '2015-01-01', '23:00:00', 18, 12, 0, 1, 0, 3),
(245, 23, '2015-01-01', '20:30:00', 15, 7, 5, 0, 3, 0),
(246, 23, '2015-01-01', '00:30:00', 20, 19, 1, 1, 1, 1),
(247, 23, '2015-00-31', '22:00:00', 9, 8, 0, 1, 0, 3),
(248, 23, '2015-00-31', '22:00:00', 14, 13, 2, 0, 3, 0),
(249, 23, '2015-00-31', '22:00:00', 17, 1, 3, 1, 3, 0),
(250, 23, '2015-00-31', '22:00:00', 5, 4, 2, 0, 3, 0),
(251, 23, '2015-00-31', '22:00:00', 6, 16, 0, 3, 0, 3),
(252, 23, '2015-00-31', '22:00:00', 11, 2, 3, 1, 3, 0),
(253, 23, '2015-00-31', '19:45:00', 3, 10, 0, 3, 0, 3),
(254, 24, '2015-01-07', '19:45:00', 16, 15, NULL, NULL, 0, 0),
(255, 24, '2015-01-07', '22:00:00', 2, 18, NULL, NULL, 0, 0),
(256, 24, '2015-01-07', '22:00:00', 19, 3, NULL, NULL, 0, 0),
(257, 24, '2015-01-07', '22:00:00', 12, 5, NULL, NULL, 0, 0),
(258, 24, '2015-01-07', '22:00:00', 7, 20, NULL, NULL, 0, 0),
(259, 24, '2015-01-07', '22:00:00', 1, 9, NULL, NULL, 0, 0),
(260, 24, '2015-01-08', '00:30:00', 8, 14, NULL, NULL, 0, 0),
(261, 24, '2015-01-08', '19:00:00', 4, 6, NULL, NULL, 0, 0),
(262, 24, '2015-01-08', '21:05:00', 10, 11, NULL, NULL, 0, 0),
(263, 24, '2015-01-08', '23:15:00', 13, 17, NULL, NULL, 0, 0);

-- --------------------------------------------------------

--
-- Table structure for table `phase`
--

CREATE TABLE IF NOT EXISTS `phase` (
  `key` varchar(64) NOT NULL,
  `value` varchar(64) NOT NULL
) ENGINE=InnoDB DEFAULT CHARSET=latin1;

--
-- Dumping data for table `phase`
--

INSERT INTO `phase` (`key`, `value`) VALUES
('CURRENT_MATCHDAY', '24'),
('CURRENT_SEASON', '1');

-- --------------------------------------------------------

--
-- Table structure for table `rank`
--

CREATE TABLE IF NOT EXISTS `rank` (
`id` int(2) NOT NULL,
  `week_id` int(3) NOT NULL,
  `team_id` int(10) NOT NULL,
  `games_won` int(2) DEFAULT '0',
  `games_drawn` int(2) DEFAULT '0',
  `games_lost` int(2) DEFAULT '0',
  `goals_scored` int(2) DEFAULT '0',
  `goals_against` int(2) DEFAULT '0',
  `points` int(2) DEFAULT '0'
) ENGINE=InnoDB  DEFAULT CHARSET=latin1 AUTO_INCREMENT=523 ;

--
-- Dumping data for table `rank`
--

INSERT INTO `rank` (`id`, `week_id`, `team_id`, `games_won`, `games_drawn`, `games_lost`, `goals_scored`, `goals_against`, `points`) VALUES
(63, 1, 1, 0, 1, 0, 2, 2, 1),
(64, 1, 2, 0, 0, 1, 0, 1, 0),
(65, 1, 3, 1, 0, 0, 1, 0, 3),
(66, 1, 4, 0, 0, 1, 1, 3, 0),
(67, 1, 5, 0, 1, 0, 2, 2, 1),
(68, 1, 6, 0, 1, 0, 2, 2, 1),
(69, 1, 7, 1, 0, 0, 1, 0, 3),
(70, 1, 8, 0, 1, 0, 2, 2, 1),
(71, 1, 9, 0, 0, 1, 1, 2, 0),
(72, 1, 10, 0, 0, 1, 0, 2, 0),
(73, 1, 11, 0, 0, 1, 0, 1, 0),
(74, 1, 12, 1, 0, 0, 2, 1, 3),
(75, 1, 13, 0, 0, 1, 0, 1, 0),
(76, 1, 14, 1, 0, 0, 2, 1, 3),
(77, 1, 15, 1, 0, 0, 2, 1, 3),
(78, 1, 16, 1, 0, 0, 1, 0, 3),
(79, 1, 17, 0, 0, 1, 1, 2, 0),
(80, 1, 18, 0, 0, 1, 1, 2, 0),
(81, 1, 19, 1, 0, 0, 2, 0, 3),
(82, 1, 20, 1, 0, 0, 3, 1, 3),
(83, 2, 1, 0, 1, 1, 2, 4, 1),
(84, 2, 2, 0, 0, 2, 0, 5, 0),
(85, 2, 3, 1, 1, 0, 2, 1, 4),
(86, 2, 4, 0, 0, 2, 1, 4, 0),
(87, 2, 5, 0, 2, 0, 3, 3, 2),
(88, 2, 6, 0, 2, 0, 2, 2, 2),
(89, 2, 7, 1, 1, 0, 1, 0, 4),
(90, 2, 8, 0, 2, 0, 4, 4, 2),
(91, 2, 9, 0, 0, 2, 2, 5, 0),
(92, 2, 10, 0, 1, 1, 0, 2, 1),
(93, 2, 11, 0, 1, 1, 1, 2, 1),
(94, 2, 12, 2, 0, 0, 3, 1, 6),
(95, 2, 13, 1, 0, 1, 3, 2, 3),
(96, 2, 14, 1, 0, 1, 3, 4, 3),
(97, 2, 15, 1, 1, 0, 4, 3, 4),
(98, 2, 16, 2, 0, 0, 5, 0, 6),
(99, 2, 17, 0, 1, 1, 2, 3, 1),
(100, 2, 18, 0, 1, 1, 1, 2, 1),
(101, 2, 19, 2, 0, 0, 5, 1, 6),
(102, 2, 20, 2, 0, 0, 5, 1, 6),
(103, 3, 1, 0, 2, 1, 3, 5, 2),
(104, 3, 2, 1, 0, 2, 1, 5, 3),
(105, 3, 3, 1, 1, 1, 3, 3, 4),
(106, 3, 4, 0, 1, 2, 1, 4, 1),
(107, 3, 5, 0, 2, 1, 3, 4, 2),
(108, 3, 6, 0, 2, 1, 2, 5, 2),
(109, 3, 7, 2, 1, 0, 3, 1, 7),
(110, 3, 8, 0, 2, 1, 7, 10, 2),
(111, 3, 9, 0, 1, 2, 5, 8, 1),
(112, 3, 10, 0, 2, 1, 3, 5, 2),
(113, 3, 11, 1, 1, 1, 2, 2, 4),
(114, 3, 12, 3, 0, 0, 6, 1, 9),
(115, 3, 13, 1, 0, 2, 4, 5, 3),
(116, 3, 14, 2, 0, 1, 6, 4, 6),
(117, 3, 15, 1, 2, 0, 5, 4, 5),
(118, 3, 16, 2, 0, 1, 5, 3, 6),
(119, 3, 17, 0, 2, 1, 2, 3, 2),
(120, 3, 18, 1, 1, 1, 4, 3, 4),
(121, 3, 19, 2, 0, 1, 5, 2, 6),
(122, 3, 20, 3, 0, 0, 11, 4, 9),
(123, 4, 1, 1, 2, 1, 4, 5, 5),
(124, 4, 2, 1, 0, 3, 1, 9, 3),
(125, 4, 3, 1, 2, 1, 5, 5, 5),
(126, 4, 4, 0, 2, 2, 1, 4, 2),
(127, 4, 5, 0, 3, 1, 5, 6, 3),
(128, 4, 6, 0, 2, 2, 2, 7, 2),
(129, 4, 7, 3, 1, 0, 4, 1, 10),
(130, 4, 8, 1, 2, 1, 9, 10, 5),
(131, 4, 9, 0, 2, 2, 5, 8, 2),
(132, 4, 10, 0, 2, 2, 3, 9, 2),
(133, 4, 11, 1, 1, 2, 2, 3, 4),
(134, 4, 12, 3, 0, 1, 8, 5, 9),
(135, 4, 13, 1, 1, 2, 6, 7, 4),
(136, 4, 14, 2, 0, 2, 6, 5, 6),
(137, 4, 15, 1, 3, 0, 7, 6, 6),
(138, 4, 16, 2, 1, 1, 7, 5, 7),
(139, 4, 17, 1, 2, 1, 6, 3, 5),
(140, 4, 18, 2, 1, 1, 8, 3, 7),
(141, 4, 19, 2, 1, 1, 7, 4, 7),
(142, 4, 20, 4, 0, 0, 15, 6, 12),
(143, 5, 1, 2, 2, 1, 9, 8, 8),
(144, 5, 2, 1, 1, 3, 3, 11, 4),
(145, 5, 3, 1, 3, 1, 7, 7, 6),
(146, 5, 4, 0, 3, 2, 1, 4, 3),
(147, 5, 5, 0, 4, 1, 5, 6, 4),
(148, 5, 6, 1, 2, 2, 3, 7, 5),
(149, 5, 7, 3, 1, 1, 4, 4, 10),
(150, 5, 8, 1, 2, 2, 11, 13, 5),
(151, 5, 9, 1, 2, 2, 8, 10, 5),
(152, 5, 10, 0, 3, 2, 5, 11, 3),
(153, 5, 11, 1, 2, 2, 4, 5, 5),
(154, 5, 12, 3, 0, 2, 8, 6, 9),
(155, 5, 13, 2, 1, 2, 9, 8, 7),
(156, 5, 14, 2, 0, 3, 7, 8, 6),
(157, 5, 15, 2, 3, 0, 10, 6, 9),
(158, 5, 16, 2, 1, 2, 7, 6, 7),
(159, 5, 17, 1, 2, 2, 9, 8, 5),
(160, 5, 18, 3, 1, 1, 9, 3, 10),
(161, 5, 19, 2, 2, 1, 8, 5, 8),
(162, 5, 20, 4, 1, 0, 16, 7, 13),
(163, 6, 1, 2, 2, 2, 9, 10, 8),
(164, 6, 2, 1, 1, 4, 4, 13, 4),
(165, 6, 3, 1, 3, 2, 9, 11, 6),
(166, 6, 4, 0, 3, 3, 1, 8, 3),
(167, 6, 5, 0, 5, 1, 5, 6, 5),
(168, 6, 6, 2, 2, 2, 7, 7, 8),
(169, 6, 7, 3, 1, 2, 4, 7, 10),
(170, 6, 8, 1, 3, 2, 12, 14, 6),
(171, 6, 9, 2, 2, 2, 10, 10, 8),
(172, 6, 10, 0, 3, 3, 5, 12, 3),
(173, 6, 11, 2, 2, 2, 5, 5, 8),
(174, 6, 12, 3, 1, 2, 8, 6, 10),
(175, 6, 13, 2, 1, 3, 10, 10, 7),
(176, 6, 14, 2, 1, 3, 8, 9, 7),
(177, 6, 15, 2, 4, 0, 11, 7, 10),
(178, 6, 16, 2, 2, 2, 8, 7, 8),
(179, 6, 17, 2, 2, 2, 11, 9, 8),
(180, 6, 18, 4, 1, 1, 11, 4, 13),
(181, 6, 19, 3, 2, 1, 12, 7, 11),
(182, 6, 20, 5, 1, 0, 19, 7, 16),
(183, 7, 1, 2, 3, 2, 11, 12, 9),
(184, 7, 2, 1, 1, 5, 4, 15, 4),
(185, 7, 3, 2, 3, 2, 11, 11, 9),
(186, 7, 4, 0, 4, 3, 3, 10, 4),
(187, 7, 5, 1, 5, 1, 8, 7, 8),
(188, 7, 6, 2, 2, 3, 8, 9, 8),
(189, 7, 7, 3, 1, 3, 4, 9, 10),
(190, 7, 8, 1, 3, 3, 13, 16, 6),
(191, 7, 9, 2, 2, 3, 10, 12, 8),
(192, 7, 10, 0, 4, 3, 7, 14, 4),
(193, 7, 11, 2, 2, 3, 6, 8, 8),
(194, 7, 12, 3, 2, 2, 10, 8, 11),
(195, 7, 13, 3, 1, 3, 12, 10, 10),
(196, 7, 14, 3, 1, 3, 10, 10, 10),
(197, 7, 15, 2, 4, 1, 11, 9, 10),
(198, 7, 16, 3, 2, 2, 9, 7, 11),
(199, 7, 17, 3, 2, 2, 13, 10, 11),
(200, 7, 18, 4, 1, 2, 11, 5, 13),
(201, 7, 19, 4, 2, 1, 14, 7, 14),
(202, 7, 20, 6, 1, 0, 21, 7, 19),
(203, 8, 1, 2, 3, 3, 11, 13, 9),
(204, 8, 2, 1, 1, 6, 6, 18, 4),
(205, 8, 3, 2, 4, 2, 13, 13, 10),
(206, 8, 4, 0, 4, 4, 4, 13, 4),
(207, 8, 5, 1, 5, 2, 8, 15, 8),
(208, 8, 6, 2, 3, 3, 10, 11, 9),
(209, 8, 7, 3, 1, 4, 4, 12, 10),
(210, 8, 8, 2, 3, 3, 16, 16, 9),
(211, 8, 9, 2, 2, 4, 11, 14, 8),
(212, 8, 10, 1, 4, 3, 8, 14, 7),
(213, 8, 11, 3, 2, 3, 8, 9, 11),
(214, 8, 12, 3, 2, 3, 11, 10, 11),
(215, 8, 13, 4, 1, 3, 15, 11, 13),
(216, 8, 14, 4, 1, 3, 13, 12, 13),
(217, 8, 15, 2, 5, 1, 13, 11, 11),
(218, 8, 16, 3, 2, 3, 10, 11, 11),
(219, 8, 17, 3, 3, 2, 15, 12, 12),
(220, 8, 18, 5, 1, 2, 19, 5, 16),
(221, 8, 19, 5, 2, 1, 18, 8, 17),
(222, 8, 20, 7, 1, 0, 23, 8, 22),
(223, 9, 1, 2, 3, 4, 11, 15, 9),
(224, 9, 2, 2, 1, 6, 8, 18, 7),
(225, 9, 3, 2, 5, 2, 13, 13, 11),
(226, 9, 4, 0, 4, 5, 5, 16, 4),
(227, 9, 5, 1, 5, 3, 8, 17, 8),
(228, 9, 6, 2, 4, 3, 12, 13, 10),
(229, 9, 7, 3, 1, 5, 4, 14, 10),
(230, 9, 8, 3, 3, 3, 19, 17, 12),
(231, 9, 9, 2, 3, 4, 13, 16, 9),
(232, 9, 10, 2, 4, 3, 10, 15, 10),
(233, 9, 11, 3, 2, 4, 8, 10, 11),
(234, 9, 12, 4, 2, 3, 13, 10, 14),
(235, 9, 13, 5, 1, 3, 17, 12, 16),
(236, 9, 14, 4, 2, 3, 13, 12, 14),
(237, 9, 15, 3, 5, 1, 15, 11, 14),
(238, 9, 16, 3, 2, 4, 11, 13, 11),
(239, 9, 17, 3, 4, 2, 16, 13, 13),
(240, 9, 18, 6, 1, 2, 20, 5, 19),
(241, 9, 19, 5, 2, 2, 19, 10, 17),
(242, 9, 20, 7, 2, 0, 24, 9, 23),
(243, 10, 1, 2, 3, 5, 11, 16, 9),
(244, 10, 2, 2, 1, 7, 9, 20, 7),
(245, 10, 3, 2, 5, 3, 13, 14, 11),
(246, 10, 4, 0, 4, 6, 5, 19, 4),
(247, 10, 5, 2, 5, 3, 11, 18, 11),
(248, 10, 6, 3, 4, 3, 13, 13, 13),
(249, 10, 7, 3, 1, 6, 5, 16, 10),
(250, 10, 8, 3, 4, 3, 19, 17, 13),
(251, 10, 9, 2, 3, 5, 14, 19, 9),
(252, 10, 10, 3, 4, 3, 11, 15, 13),
(253, 10, 11, 3, 3, 4, 10, 12, 12),
(254, 10, 12, 4, 3, 3, 13, 10, 15),
(255, 10, 13, 5, 2, 3, 19, 14, 17),
(256, 10, 14, 4, 2, 4, 13, 13, 14),
(257, 10, 15, 4, 5, 1, 18, 11, 17),
(258, 10, 16, 4, 2, 4, 13, 14, 14),
(259, 10, 17, 3, 4, 3, 16, 14, 13),
(260, 10, 18, 7, 1, 2, 21, 5, 22),
(261, 10, 19, 6, 2, 2, 20, 10, 20),
(262, 10, 20, 8, 2, 0, 26, 10, 26),
(263, 11, 1, 2, 3, 6, 11, 18, 9),
(264, 11, 2, 2, 2, 7, 11, 22, 8),
(265, 11, 3, 2, 5, 4, 13, 15, 11),
(266, 11, 4, 1, 4, 6, 6, 19, 7),
(267, 11, 5, 2, 6, 3, 12, 19, 12),
(268, 11, 6, 3, 4, 4, 13, 15, 13),
(269, 11, 7, 3, 2, 6, 5, 16, 11),
(270, 11, 8, 3, 5, 3, 20, 18, 14),
(271, 11, 9, 2, 3, 6, 14, 20, 9),
(272, 11, 10, 4, 4, 3, 13, 15, 16),
(273, 11, 11, 4, 3, 4, 12, 13, 15),
(274, 11, 12, 5, 3, 3, 15, 11, 18),
(275, 11, 13, 5, 3, 3, 19, 14, 18),
(276, 11, 14, 4, 2, 5, 14, 15, 14),
(277, 11, 15, 4, 5, 2, 19, 13, 17),
(278, 11, 16, 4, 2, 5, 14, 16, 14),
(279, 11, 17, 4, 4, 3, 17, 14, 16),
(280, 11, 18, 8, 1, 2, 23, 5, 25),
(281, 11, 19, 6, 3, 2, 22, 12, 21),
(282, 11, 20, 9, 2, 0, 28, 11, 29),
(283, 12, 1, 2, 4, 6, 11, 18, 10),
(284, 12, 2, 2, 2, 8, 11, 23, 8),
(285, 12, 3, 2, 5, 5, 14, 17, 11),
(286, 12, 4, 2, 4, 6, 8, 20, 10),
(287, 12, 5, 2, 7, 3, 12, 19, 13),
(288, 12, 6, 3, 4, 5, 13, 17, 13),
(289, 12, 7, 3, 3, 6, 6, 17, 12),
(290, 12, 8, 4, 5, 3, 22, 19, 17),
(291, 12, 9, 3, 3, 6, 17, 21, 12),
(292, 12, 10, 5, 4, 3, 14, 15, 19),
(293, 12, 11, 4, 3, 5, 13, 15, 15),
(294, 12, 12, 5, 3, 4, 16, 13, 18),
(295, 12, 13, 5, 3, 4, 20, 16, 18),
(296, 12, 14, 4, 2, 6, 15, 18, 14),
(297, 12, 15, 4, 5, 3, 20, 15, 17),
(298, 12, 16, 5, 2, 5, 16, 17, 17),
(299, 12, 17, 5, 4, 3, 19, 15, 19),
(300, 12, 18, 8, 2, 2, 24, 6, 26),
(301, 12, 19, 7, 3, 2, 24, 13, 24),
(302, 12, 20, 10, 2, 0, 30, 11, 32),
(303, 13, 1, 2, 4, 7, 13, 21, 10),
(304, 13, 2, 3, 2, 8, 14, 25, 11),
(305, 13, 3, 2, 5, 6, 14, 20, 11),
(306, 13, 4, 2, 5, 6, 9, 21, 11),
(307, 13, 5, 2, 8, 3, 12, 19, 14),
(308, 13, 6, 3, 4, 6, 13, 18, 13),
(309, 13, 7, 3, 4, 6, 7, 18, 13),
(310, 13, 8, 4, 5, 4, 23, 21, 17),
(311, 13, 9, 3, 4, 6, 18, 22, 13),
(312, 13, 10, 5, 4, 4, 14, 16, 19),
(313, 13, 11, 4, 3, 6, 13, 16, 15),
(314, 13, 12, 5, 4, 4, 17, 14, 19),
(315, 13, 13, 6, 3, 4, 21, 16, 21),
(316, 13, 14, 5, 2, 6, 16, 18, 17),
(317, 13, 15, 5, 5, 3, 21, 15, 20),
(318, 13, 16, 6, 2, 5, 18, 18, 20),
(319, 13, 17, 6, 4, 3, 22, 15, 22),
(320, 13, 18, 8, 2, 3, 24, 9, 26),
(321, 13, 19, 8, 3, 2, 27, 13, 27),
(322, 13, 20, 10, 3, 0, 30, 11, 33),
(323, 14, 1, 2, 4, 8, 14, 24, 10),
(324, 14, 2, 3, 2, 9, 14, 27, 11),
(325, 14, 3, 2, 6, 6, 15, 21, 12),
(326, 14, 4, 2, 6, 6, 10, 22, 12),
(327, 14, 5, 2, 8, 4, 13, 23, 14),
(328, 14, 6, 3, 4, 7, 14, 20, 13),
(329, 14, 7, 4, 4, 6, 8, 18, 16),
(330, 14, 8, 4, 6, 4, 24, 22, 18),
(331, 14, 9, 3, 4, 7, 18, 23, 13),
(332, 14, 10, 5, 5, 4, 15, 17, 20),
(333, 14, 11, 4, 3, 7, 14, 18, 15),
(334, 14, 12, 6, 4, 4, 19, 14, 22),
(335, 14, 13, 7, 3, 4, 23, 17, 24),
(336, 14, 14, 6, 2, 6, 19, 19, 20),
(337, 14, 15, 6, 5, 3, 22, 15, 23),
(338, 14, 16, 6, 2, 6, 18, 21, 20),
(339, 14, 17, 7, 4, 3, 24, 16, 25),
(340, 14, 18, 8, 2, 4, 24, 10, 26),
(341, 14, 19, 9, 3, 2, 31, 14, 30),
(342, 14, 20, 11, 3, 0, 33, 11, 36),
(343, 15, 1, 2, 4, 9, 15, 26, 10),
(344, 15, 2, 4, 2, 9, 16, 27, 14),
(345, 15, 3, 2, 7, 6, 15, 21, 13),
(346, 15, 4, 2, 6, 7, 10, 24, 12),
(347, 15, 5, 2, 9, 4, 13, 23, 15),
(348, 15, 6, 3, 5, 7, 14, 20, 14),
(349, 15, 7, 5, 4, 6, 10, 19, 19),
(350, 15, 8, 4, 6, 5, 24, 23, 18),
(351, 15, 9, 3, 5, 7, 18, 23, 14),
(352, 15, 10, 6, 5, 4, 17, 18, 23),
(353, 15, 11, 5, 3, 7, 17, 20, 18),
(354, 15, 12, 6, 4, 5, 20, 17, 22),
(355, 15, 13, 8, 3, 4, 26, 18, 27),
(356, 15, 14, 6, 3, 6, 19, 19, 21),
(357, 15, 15, 6, 5, 4, 24, 18, 23),
(358, 15, 16, 6, 3, 6, 18, 21, 21),
(359, 15, 17, 8, 4, 3, 26, 17, 28),
(360, 15, 18, 8, 2, 5, 25, 12, 26),
(361, 15, 19, 10, 3, 2, 32, 14, 33),
(362, 15, 20, 11, 3, 1, 34, 13, 36),
(363, 16, 1, 2, 4, 10, 15, 27, 10),
(364, 16, 2, 4, 2, 10, 17, 30, 14),
(365, 16, 3, 2, 7, 7, 15, 23, 13),
(366, 16, 4, 3, 6, 7, 11, 24, 15),
(367, 16, 5, 2, 10, 4, 14, 24, 16),
(368, 16, 6, 4, 5, 7, 15, 20, 17),
(369, 16, 7, 5, 4, 7, 10, 20, 19),
(370, 16, 8, 5, 6, 5, 27, 24, 21),
(371, 16, 9, 3, 6, 7, 19, 24, 15),
(372, 16, 10, 6, 5, 5, 18, 22, 23),
(373, 16, 11, 5, 4, 7, 18, 21, 19),
(374, 16, 12, 6, 4, 6, 21, 19, 22),
(375, 16, 13, 8, 4, 4, 27, 19, 28),
(376, 16, 14, 6, 3, 7, 19, 22, 21),
(377, 16, 15, 7, 5, 4, 28, 19, 26),
(378, 16, 16, 7, 3, 6, 20, 22, 24),
(379, 16, 17, 9, 4, 3, 29, 17, 31),
(380, 16, 18, 8, 2, 6, 25, 13, 26),
(381, 16, 19, 11, 3, 2, 33, 14, 36),
(382, 16, 20, 12, 3, 1, 36, 13, 39),
(383, 17, 1, 2, 4, 11, 15, 29, 10),
(384, 17, 2, 5, 2, 10, 20, 32, 17),
(385, 17, 3, 2, 7, 8, 15, 24, 13),
(386, 17, 4, 3, 6, 8, 12, 26, 15),
(387, 17, 5, 3, 10, 4, 15, 24, 19),
(388, 17, 6, 4, 5, 8, 17, 23, 17),
(389, 17, 7, 5, 5, 7, 11, 21, 20),
(390, 17, 8, 5, 6, 6, 27, 27, 21),
(391, 17, 9, 3, 6, 8, 19, 27, 15),
(392, 17, 10, 6, 5, 6, 18, 23, 23),
(393, 17, 11, 5, 4, 8, 18, 23, 19),
(394, 17, 12, 7, 4, 6, 22, 19, 25),
(395, 17, 13, 9, 4, 4, 29, 19, 31),
(396, 17, 14, 6, 4, 7, 21, 24, 22),
(397, 17, 15, 7, 6, 4, 30, 21, 27),
(398, 17, 16, 8, 3, 6, 22, 23, 27),
(399, 17, 17, 9, 5, 3, 30, 18, 32),
(400, 17, 18, 9, 2, 6, 28, 13, 29),
(401, 17, 19, 12, 3, 2, 36, 14, 39),
(402, 17, 20, 13, 3, 1, 38, 13, 42),
(403, 18, 1, 2, 4, 12, 16, 31, 10),
(404, 18, 2, 5, 2, 11, 21, 34, 17),
(405, 18, 3, 3, 7, 8, 18, 25, 16),
(406, 18, 4, 3, 6, 9, 12, 27, 15),
(407, 18, 5, 3, 10, 5, 16, 27, 19),
(408, 18, 6, 4, 5, 9, 18, 26, 17),
(409, 18, 7, 5, 5, 8, 11, 22, 20),
(410, 18, 8, 5, 6, 7, 27, 28, 21),
(411, 18, 9, 3, 6, 9, 20, 30, 15),
(412, 18, 10, 6, 5, 7, 19, 26, 23),
(413, 18, 11, 6, 4, 8, 19, 23, 22),
(414, 18, 12, 8, 4, 6, 23, 19, 28),
(415, 18, 13, 9, 4, 5, 29, 21, 31),
(416, 18, 14, 7, 4, 7, 22, 24, 25),
(417, 18, 15, 8, 6, 4, 32, 22, 30),
(418, 18, 16, 9, 3, 6, 24, 24, 30),
(419, 18, 17, 10, 5, 3, 33, 19, 35),
(420, 18, 18, 10, 2, 6, 31, 14, 32),
(421, 18, 19, 13, 3, 2, 39, 15, 42),
(422, 18, 20, 14, 3, 1, 40, 13, 45),
(423, 19, 1, 3, 4, 12, 17, 31, 13),
(424, 19, 2, 5, 3, 11, 21, 34, 18),
(425, 19, 3, 3, 7, 9, 18, 26, 16),
(426, 19, 4, 3, 7, 9, 14, 29, 16),
(427, 19, 5, 3, 11, 5, 16, 27, 20),
(428, 19, 6, 4, 5, 10, 18, 28, 17),
(429, 19, 7, 5, 6, 8, 11, 22, 21),
(430, 19, 8, 5, 6, 8, 29, 31, 21),
(431, 19, 9, 3, 7, 9, 20, 30, 16),
(432, 19, 10, 7, 5, 7, 22, 28, 26),
(433, 19, 11, 7, 4, 8, 21, 23, 25),
(434, 19, 12, 8, 4, 7, 24, 23, 28),
(435, 19, 13, 9, 4, 6, 30, 23, 31),
(436, 19, 14, 8, 4, 7, 26, 25, 28),
(437, 19, 15, 9, 6, 4, 34, 23, 33),
(438, 19, 16, 9, 4, 6, 24, 24, 31),
(439, 19, 17, 10, 6, 3, 33, 19, 36),
(440, 19, 18, 10, 3, 6, 32, 15, 33),
(441, 19, 19, 13, 4, 2, 41, 17, 43),
(442, 19, 20, 14, 4, 1, 41, 14, 46),
(443, 20, 1, 3, 5, 12, 19, 33, 14),
(444, 20, 2, 5, 4, 11, 22, 35, 19),
(445, 20, 3, 4, 7, 9, 20, 26, 19),
(446, 20, 4, 3, 8, 9, 17, 32, 17),
(447, 20, 5, 3, 11, 6, 18, 30, 20),
(448, 20, 6, 4, 6, 10, 19, 29, 18),
(449, 20, 7, 5, 7, 8, 11, 22, 22),
(450, 20, 8, 5, 6, 9, 29, 33, 21),
(451, 20, 9, 3, 8, 9, 20, 30, 17),
(452, 20, 10, 7, 6, 7, 25, 31, 27),
(453, 20, 11, 7, 5, 8, 22, 24, 26),
(454, 20, 12, 8, 5, 7, 25, 24, 29),
(455, 20, 13, 9, 5, 6, 31, 24, 32),
(456, 20, 14, 8, 5, 7, 28, 27, 29),
(457, 20, 15, 9, 6, 5, 34, 25, 33),
(458, 20, 16, 10, 4, 6, 29, 27, 34),
(459, 20, 17, 10, 7, 3, 34, 20, 37),
(460, 20, 18, 11, 3, 6, 34, 15, 36),
(461, 20, 19, 14, 4, 2, 44, 19, 46),
(462, 20, 20, 14, 4, 2, 44, 19, 46),
(463, 21, 1, 4, 5, 12, 20, 33, 17),
(464, 21, 2, 5, 4, 12, 23, 37, 19),
(465, 21, 3, 4, 7, 10, 20, 27, 19),
(466, 21, 4, 4, 8, 9, 19, 33, 20),
(467, 21, 5, 3, 11, 7, 18, 31, 20),
(468, 21, 6, 5, 6, 10, 20, 29, 21),
(469, 21, 7, 5, 7, 9, 11, 23, 22),
(470, 21, 8, 5, 7, 9, 30, 34, 22),
(471, 21, 9, 4, 8, 9, 22, 31, 20),
(472, 21, 10, 7, 6, 8, 25, 33, 27),
(473, 21, 11, 7, 5, 9, 22, 27, 26),
(474, 21, 12, 8, 6, 7, 26, 25, 30),
(475, 21, 13, 9, 6, 6, 32, 25, 33),
(476, 21, 14, 9, 5, 7, 29, 27, 32),
(477, 21, 15, 10, 6, 5, 37, 25, 36),
(478, 21, 16, 10, 4, 7, 30, 29, 34),
(479, 21, 17, 10, 7, 4, 34, 21, 37),
(480, 21, 18, 12, 3, 6, 35, 15, 39),
(481, 21, 19, 14, 5, 2, 45, 20, 47),
(482, 21, 20, 15, 4, 2, 46, 19, 49),
(483, 22, 1, 4, 5, 13, 20, 34, 17),
(484, 22, 2, 5, 4, 13, 23, 39, 19),
(485, 22, 3, 4, 7, 11, 20, 30, 19),
(486, 22, 4, 4, 8, 10, 21, 36, 20),
(487, 22, 5, 3, 11, 8, 19, 33, 20),
(488, 22, 6, 5, 7, 10, 20, 29, 22),
(489, 22, 7, 5, 7, 10, 11, 25, 22),
(490, 22, 8, 5, 8, 9, 30, 34, 23),
(491, 22, 9, 5, 8, 9, 25, 33, 23),
(492, 22, 10, 7, 6, 9, 26, 35, 27),
(493, 22, 11, 8, 5, 9, 23, 27, 29),
(494, 22, 12, 8, 6, 8, 26, 30, 30),
(495, 22, 13, 10, 6, 6, 35, 25, 36),
(496, 22, 14, 10, 5, 7, 31, 27, 35),
(497, 22, 15, 11, 6, 5, 39, 25, 39),
(498, 22, 16, 11, 4, 7, 32, 30, 37),
(499, 22, 17, 11, 7, 4, 36, 21, 40),
(500, 22, 18, 13, 3, 6, 37, 16, 42),
(501, 22, 19, 14, 5, 3, 45, 22, 47),
(502, 22, 20, 16, 4, 2, 51, 19, 52),
(503, 23, 1, 4, 5, 14, 21, 37, 17),
(504, 23, 2, 5, 4, 14, 24, 42, 19),
(505, 23, 3, 4, 7, 12, 20, 33, 19),
(506, 23, 4, 4, 8, 11, 21, 38, 20),
(507, 23, 5, 4, 11, 8, 21, 33, 23),
(508, 23, 6, 5, 7, 11, 20, 32, 22),
(509, 23, 7, 5, 7, 11, 11, 30, 22),
(510, 23, 8, 6, 8, 9, 31, 34, 26),
(511, 23, 9, 5, 8, 10, 25, 34, 23),
(512, 23, 10, 8, 6, 9, 29, 35, 30),
(513, 23, 11, 9, 5, 9, 26, 28, 32),
(514, 23, 12, 9, 6, 8, 27, 30, 33),
(515, 23, 13, 10, 6, 7, 35, 27, 36),
(516, 23, 14, 11, 5, 7, 33, 27, 38),
(517, 23, 15, 12, 6, 5, 44, 25, 42),
(518, 23, 16, 12, 4, 7, 35, 30, 40),
(519, 23, 17, 12, 7, 4, 39, 22, 43),
(520, 23, 18, 13, 3, 7, 37, 17, 42),
(521, 23, 19, 14, 6, 3, 46, 23, 48),
(522, 23, 20, 16, 5, 2, 52, 20, 53);

-- --------------------------------------------------------

--
-- Table structure for table `season`
--

CREATE TABLE IF NOT EXISTS `season` (
`id` int(10) NOT NULL,
  `years` varchar(9) NOT NULL
) ENGINE=InnoDB  DEFAULT CHARSET=latin1 AUTO_INCREMENT=2 ;

--
-- Dumping data for table `season`
--

INSERT INTO `season` (`id`, `years`) VALUES
(1, '2014-2015');

-- --------------------------------------------------------

--
-- Table structure for table `team`
--

CREATE TABLE IF NOT EXISTS `team` (
  `id` int(10) NOT NULL,
  `name` varchar(64) NOT NULL,
  `simple_name` varchar(64) NOT NULL
) ENGINE=InnoDB DEFAULT CHARSET=latin1;

--
-- Dumping data for table `team`
--

INSERT INTO `team` (`id`, `name`, `simple_name`) VALUES
(0, 'a', 'a'),
(1, 'Leicester City', 'leicester'),
(2, 'Queens Park Rangers', 'qpr'),
(3, 'Hull City', 'hullcity'),
(4, 'Burnley', 'burnley'),
(5, 'Sunderland', 'sunderland'),
(6, 'West Bromwich Albion', 'westbromwich'),
(7, 'Aston Villa', 'astonvilla'),
(8, 'Everton', 'everton'),
(9, 'Crystal Palace', 'crystalpalace'),
(10, 'Newcastle United', 'newcastle'),
(11, 'Stoke City', 'strokecity'),
(12, 'Swansea City', 'swansea'),
(13, 'West Ham United', 'westham'),
(14, 'Liverpool', 'liverpool'),
(15, 'Arsenal', 'arsenal'),
(16, 'Tottenham Hotspur', 'tottenham'),
(17, 'Manchester United', 'manutd'),
(18, 'Southampton', 'southampton'),
(19, 'Manchester City', 'mancity'),
(20, 'Chelsea', 'chelsea'),
(21, '21', '21');

-- --------------------------------------------------------

--
-- Table structure for table `week`
--

CREATE TABLE IF NOT EXISTS `week` (
`id` int(3) NOT NULL,
  `season_id` int(2) NOT NULL,
  `week_number` int(4) NOT NULL,
  `start_day` datetime NOT NULL
) ENGINE=InnoDB  DEFAULT CHARSET=latin1 AUTO_INCREMENT=25 ;

--
-- Dumping data for table `week`
--

INSERT INTO `week` (`id`, `season_id`, `week_number`, `start_day`) VALUES
(1, 1, 1, '2014-08-16 00:00:00'),
(2, 1, 2, '2014-08-23 00:00:00'),
(3, 1, 3, '2014-08-30 00:00:00'),
(4, 1, 4, '2014-09-13 00:00:00'),
(5, 1, 5, '2014-09-20 00:00:00'),
(6, 1, 6, '2014-09-27 00:00:00'),
(7, 1, 7, '2014-10-04 00:00:00'),
(8, 1, 8, '2014-10-18 00:00:00'),
(9, 1, 9, '2014-10-25 00:00:00'),
(10, 1, 10, '2014-11-01 00:00:00'),
(11, 1, 11, '2014-11-08 00:00:00'),
(12, 1, 12, '2014-11-22 00:00:00'),
(13, 1, 13, '2014-11-29 00:00:00'),
(14, 1, 14, '2014-12-03 00:00:00'),
(15, 1, 15, '2014-12-06 00:00:00'),
(16, 1, 16, '2014-12-13 00:00:00'),
(17, 1, 17, '2014-12-20 00:00:00'),
(18, 1, 18, '2014-12-26 00:00:00'),
(19, 1, 19, '2014-12-28 00:00:00'),
(20, 1, 20, '2015-01-01 00:00:00'),
(21, 1, 21, '2015-01-10 00:00:00'),
(22, 1, 22, '2015-01-17 00:00:00'),
(23, 1, 23, '2015-01-31 00:00:00'),
(24, 1, 24, '2015-02-07 00:00:00');

--
-- Indexes for dumped tables
--

--
-- Indexes for table `matchday`
--
ALTER TABLE `matchday`
 ADD PRIMARY KEY (`id`), ADD KEY `home_team_id` (`home_team_id`), ADD KEY `away_team_id` (`away_team_id`), ADD KEY `week_id` (`week_id`);

--
-- Indexes for table `phase`
--
ALTER TABLE `phase`
 ADD PRIMARY KEY (`key`);

--
-- Indexes for table `rank`
--
ALTER TABLE `rank`
 ADD PRIMARY KEY (`id`), ADD UNIQUE KEY `week_id_team_id` (`week_id`,`team_id`), ADD KEY `week_id` (`week_id`), ADD KEY `team_id` (`team_id`);

--
-- Indexes for table `season`
--
ALTER TABLE `season`
 ADD PRIMARY KEY (`id`);

--
-- Indexes for table `team`
--
ALTER TABLE `team`
 ADD PRIMARY KEY (`id`);

--
-- Indexes for table `week`
--
ALTER TABLE `week`
 ADD PRIMARY KEY (`id`), ADD KEY `season_id` (`season_id`);

--
-- AUTO_INCREMENT for dumped tables
--

--
-- AUTO_INCREMENT for table `matchday`
--
ALTER TABLE `matchday`
MODIFY `id` int(3) NOT NULL AUTO_INCREMENT,AUTO_INCREMENT=264;
--
-- AUTO_INCREMENT for table `rank`
--
ALTER TABLE `rank`
MODIFY `id` int(2) NOT NULL AUTO_INCREMENT,AUTO_INCREMENT=523;
--
-- AUTO_INCREMENT for table `season`
--
ALTER TABLE `season`
MODIFY `id` int(10) NOT NULL AUTO_INCREMENT,AUTO_INCREMENT=2;
--
-- AUTO_INCREMENT for table `week`
--
ALTER TABLE `week`
MODIFY `id` int(3) NOT NULL AUTO_INCREMENT,AUTO_INCREMENT=25;
--
-- Constraints for dumped tables
--

--
-- Constraints for table `matchday`
--
ALTER TABLE `matchday`
ADD CONSTRAINT `matchday_ibfk_1` FOREIGN KEY (`week_id`) REFERENCES `week` (`id`) ON DELETE CASCADE ON UPDATE CASCADE,
ADD CONSTRAINT `matchday_ibfk_2` FOREIGN KEY (`home_team_id`) REFERENCES `team` (`id`) ON DELETE CASCADE ON UPDATE CASCADE,
ADD CONSTRAINT `matchday_ibfk_3` FOREIGN KEY (`away_team_id`) REFERENCES `team` (`id`) ON DELETE CASCADE ON UPDATE CASCADE;

--
-- Constraints for table `rank`
--
ALTER TABLE `rank`
ADD CONSTRAINT `rank_ibfk_1` FOREIGN KEY (`week_id`) REFERENCES `week` (`id`) ON DELETE CASCADE ON UPDATE CASCADE,
ADD CONSTRAINT `rank_ibfk_2` FOREIGN KEY (`team_id`) REFERENCES `team` (`id`) ON DELETE CASCADE ON UPDATE CASCADE;

--
-- Constraints for table `week`
--
ALTER TABLE `week`
ADD CONSTRAINT `week_ibfk_2` FOREIGN KEY (`season_id`) REFERENCES `season` (`id`) ON DELETE CASCADE ON UPDATE CASCADE;
